INSERT INTO HotelDatabase.Hotel VALUES
(1, '123 Phoenix St', 'Phoenix', 'AZ', 'United States', 12345),
(2, '2 AnnArbor Ct', 'Ann Arbor', 'MI', 'United States', 92834),
(3, '100 College Ave', 'New Brunswick', 'NJ', 'United States', 08901),
(4, '130 Jersey Rd', 'Trenton', 'NJ', 'United States', 09720);

INSERT INTO HotelDatabase.Room VALUES
(100, 1, 250.25, 4, 1, '4 person basic room', 'double', '2017-01-02', '2017-01-20', 0.30),
(101, 1, 250.25, 4, 1, '4 person basic room', 'double', '2017-01-02', '2017-01-20', 0.30),
(102, 1, 150, 2, 1, '2 person basic room', 'standard', '2017-01-02', '2017-03-03', 0.10),
(103, 1, 150, 2, 1, '2 person basic room', 'standard', '2017-01-02', '2017-01-20', 0.20),
(200, 1, 225, 2, 2, '2 person deluxe room', 'deluxe', '2017-01-02', '2017-02-02', 0.00),
(201, 1, 405, 2, 2, '2 person deluxe room', 'deluxe', '2017-01-02', '2017-02-02', 0.15),
(202, 1, 1200, 4, 2, '4 person deluxe room', 'deluxe', '2017-01-01', '2017-02-01', 0.00),
(300, 1, 2500, 4, 3, 'beautiful penthouse', 'suite', '2017-01-01', '2017-12-01', 0.00),
(301, 1, 2500, 8, 3, 'beautiful penthouse pt2', 'suite', '2017-05-01', '2017-05-20', 0.10),
(302, 1, 2000, 6, 3, 'beautiful penthouse yes', 'suite', '2017-05-10', '2017-06-10', 0.10);

INSERT INTO HotelDatabase.Room VALUES
(11, 2, 100, 4, 1, 'beautiful room yes', 'double', '2017-05-01', '2017-05-30', 0.20),
(12, 2, 100, 4, 1, 'beautiful room yes', 'double', '2017-12-01', '2017-12-15', 0.15),
(13, 2, 150, 2, 1, 'please reserve me', 'standard', '2017-02-01', '2017-02-13', 0.40),
(14, 2, 150, 2, 1, 'please reserve me', 'standard', '2017-02-01', '2017-02-13', 0.40),
(15, 2, 180, 2, 1, 'yes very pretty room', 'double', '0000-00-00', '0000-00-00', 0),
(16, 2, 180, 4, 1, 'please thank you', 'double', '2017-05-01', '2017-05-30', 0.10),
(17, 2, 400, 4, 1, 'super deluxe yay', 'deluxe', '2017-01-01', '2017-06-15', 0.05),
(18, 2, 400, 4, 1, 'springbok deluxe delivery', 'deluxe', '2017-01-01', '2017-01-31', 0.10),
(19, 2, 400, 4, 1, 'springbok bok bok', 'deluxe', '2017-01-01', '2017-01-05', 0.20),
(21, 2, 800, 8, 2, 'the best room ever', 'suite', '0000-00-00', '0000-00-00', 0);

INSERT INTO HotelDatabase.Room VALUES
(100, 3, 115, 4, 1, 'ew new brunswick', 'standard', '2017-01-01', '2017-01-20', 0.10),
(101, 3, 115, 4, 1, 'ew new brunswick', 'standard', '2017-01-01', '2017-01-20', 0.10),
(102, 3, 115, 4, 1, 'ew new brunswick', 'standard', '2017-01-01', '2017-01-20', 0.10),
(103, 3, 115, 4, 1, 'ew new brunswick', 'standard', '2017-01-01', '2017-01-20', 0.10),
(104, 3, 115, 4, 1, 'ew new brunswick', 'standard', '2017-01-01', '2017-01-20', 0.10),
(105, 3, 115, 4, 1, 'ew new brunswick', 'standard', '2017-01-01', '2017-01-20', 0.10),
(200, 3, 115, 4, 2, 'ugh new brunswick', 'standard', '2017-02-01', '2017-02-20', 0.10),
(201, 3, 115, 4, 2, 'ugh new brunswick', 'standard', '2017-02-01', '2017-02-20', 0.10),
(202, 3, 115, 4, 2, 'ugh new brunswick', 'standard', '2017-02-01', '2017-02-20', 0.10),
(203, 3, 115, 4, 2, 'ugh new brunswick', 'standard', '2017-02-01', '2017-02-20', 0.10),
(204, 3, 115, 4, 2, 'ugh new brunswick', 'standard', '2017-02-01', '2017-02-20', 0.10),
(205, 3, 115, 4, 2, 'ugh new brunswick', 'standard', '2017-02-01', '2017-02-20', 0.10),
(206, 3, 115, 4, 2, 'ugh new brunswick', 'standard', '2017-02-01', '2017-02-20', 0.10);

INSERT INTO HotelDatabase.Room VALUES
(100, 4, 600, 4, 1, 'ew new brunswick', 'deluxe', '2017-01-01', '2017-01-20', 0.10),
(101, 4, 600, 4, 1, 'ew new brunswick', 'deluxe', '2017-01-01', '2017-01-20', 0.10),
(102, 4, 600, 4, 1, 'ew new brunswick', 'deluxe', '2017-01-01', '2017-01-20', 0.10),
(103, 4, 300, 4, 1, 'ew new brunswick', 'standard', '2017-01-01', '2017-01-20', 0.15),
(104, 4, 300, 4, 1, 'ew new brunswick', 'standard', '2017-01-01', '2017-01-20', 0.15),
(105, 4, 300, 4, 1, 'ew new brunswick', 'standard', '2017-01-01', '2017-01-20', 0.15),
(200, 4, 1000, 4, 2, 'ugh new brunswick', 'suite', '2017-02-01', '2017-02-20', 0.10),
(201, 4, 1000, 4, 2, 'ugh new brunswick', 'suite', '2017-02-01', '2017-02-20', 0),
(202, 4, 1200, 4, 2, 'ugh new brunswick', 'suite', '2017-02-01', '2017-02-20', 0),
(203, 4, 1200, 4, 2, 'ugh new brunswick', 'suite', '2017-02-01', '2017-02-20', 0),
(204, 4, 1500, 4, 2, 'ugh pls', 'suite', '2017-02-01', '2017-02-20', 0),
(205, 4, 1500, 4, 2, 'ugh pls', 'suite', '2017-02-01', '2017-02-20', 0),
(206, 4, 1500, 4, 2, 'ugh pls', 'suite', '2017-02-01', '2017-02-20', 0);

INSERT INTO HotelDatabase.Breakfast VALUES
('American', 'eggs meat and cheese', 15, 1),
('Continental', 'buffet thing', 12, 1),
('Italian', 'pasta for breakfast', 15, 1),
('French', 'snails n stuff', 20, 1),
('American', 'omelette station yay!!!', 12, 2),
('Continental', 'buffet with fruits!!!!!', 10, 2),
('Chinese', 'dim sum', 16, 2),
('American', 'only bread', 10, 3),
('Chinese', 'dim sum pt2', 20, 3),
('American', 'very overpriced yup', 35, 4),
('Italian', 'meatballs for bfast', 40, 4);

INSERT INTO HotelDatabase.Service VALUES
('Parking', 15, 1),
('Laundry', 10, 1),
('Airport Shuttle', 35, 1),
('Massage', 60, 1),
('Room Service', 30, 1),
('Parking', 10, 2),
('Laundry', 8, 2),
('Airport Shuttle', 20, 2),
('Room Service', 18, 2),
('Parking', 10, 3),
('Laundry', 5, 3),
('Parking', 40, 4),
('Laundry', 28, 4),
('Airport Shuttle', 85, 4),
('Massage', 125, 4),
('Room Service', 70, 4);

INSERT INTO HotelDatabase.CreditCard VALUES
('1234567890000000', '1 easton ave', 'Sophia', 123, 'Visa', '2020-01-01'),
('1234567890000001', '2 huntington ct', 'Sanchit', 444, 'MasterCard', '2021-01-02'),
('1234567890000002', '5 ugh ln', 'Kislaya', 111, 'Visa', '2019-05-01'),
('1234567890000034', '100 george st', 'Rachel', 669, 'Amex', '2022-01-01'),
('4444444444444444', '240 college ave', 'Bob', 144, 'Visa', '2020-01-01'),
('5817498174387431', '112 guilden rd', 'Jim', 918, 'MasterCard', '2019-05-05'),
('1348713487134913', '1 real st', 'Mike', 110, 'Discover', '2020-05-03'),
('1348731478143891', '2 ugh ln', 'Chris', 998, 'Discover', '2021-04-01');

INSERT INTO HotelDatabase.Customer VALUES
(1, 'sanchit@gmail.com', 'easton avenue', 4084785494, 'sanchit123', 'Sanchit'),
(2, 'sophia@gmail.com', '2 easton ave', 1234567890, 'sophia123', 'Sophia'),
(3, 'dong@hotmail.com', '1 huntington st', 1112223333, 'dongs134', 'Dong'),
(4, 'sophdong@email.com', '3 ugh road', 3332221111, 'ughhhh', 'Bob'),
(5, 'hello@world.com', '123 helloworld drive', 5555555555, 'username1', 'Jim'),
(6, 'world@hello.com', '123 helloworld drive', 6666666666, 'defapassword', 'Sally'),
(7, 'mike@mike.com', 'college avenue', 1231231233, 'mike123', 'Mike'),
(8, 'chris@chris.com', '2 college avenue', 4564564566, 'chris134', 'Chris'),
(9, 'kislaya@rocketmail.com', '999 easton ave', 9999999999, 'kislayaisboss', 'Kislaya'),
(10, 'eliza@rrutgers.edu', '123 huntington st', 8888888888, 'bigliza2', 'Eliza');

INSERT INTO HotelDatabase.Reservation VALUES
(1000, '2017-01-01', 1200, '1234567890000000', 2),
(1001, '2017-01-02', 1421.75, '1234567890000000', 2),
(1002, '2017-05-05', 400, '1234567890000001', 1),
(1003, '2017-01-01', 2200, '1234567890000034', 1),
(1004, '2017-02-01', 1000, '1234567890000001', 1),
(1005, '2017-01-11', 1050, '1348731478143891', 8),
(1006, '2017-01-08', 200, '1234567890000002', 9),
(1007, '2017-02-01', 550, '4444444444444444', 3),
(1008, '2017-01-15', 8000, '4444444444444444', 4),
(1009, '2017-02-20', 4201, '5817498174387431', 5), 
(1010, '2017-03-20', 250, '1348713487134913', 6),
(1011, '2017-08-01', 460, '1348713487134913', 6),
(1012, '2017-08-01', 560, '1348713487134913', 7),
(1013, '2017-08-02', 1112, '1348713487134913', 7);

INSERT INTO HotelDatabase.Reserves VALUES
('2017-02-11', '2017-02-01', 10, 1000, 100, 1),
('2017-02-11', '2017-02-01', 10, 1001, 100, 3),
('2017-06-01', '2017-06-05', 4, 1002, 101, 4),
('2017-02-11', '2017-02-05', 6, 1003, 11, 2),
('2017-03-02', '2017-03-01', 1, 1004, 12, 2),
('2017-02-02', '2017-02-01', 1, 1005, 200, 4),
('2017-05-05', '2017-05-01', 4, 1006, 200, 4),
('2017-05-05', '2017-05-02', 3, 1007, 18, 2),
('2017-02-03', '2017-02-01', 2, 1008, 201, 3),
('2017-03-04', '2017-03-01', 3, 1009, 202, 3),
('2017-04-30', '2017-04-28', 2, 1010, 206, 3),
('2017-09-02', '2017-09-01', 1, 1011, 18, 2),
('2017-09-05', '2017-09-01', 4, 1012, 301, 1),
('2017-12-12', '2017-12-02', 10, 1013, 202, 1);

INSERT INTO HotelDatabase.Includes VALUES
('American', 1, 1000),
('Continental', 1, 1000),
('Italian', 1, 1000),
('French', 1, 1000),
('American', 3, 1001),
('Chinese', 3, 1001),
('American', 4, 1002),
('Italian', 4, 1002),
('American', 2, 1003),
('Continental', 2, 1003),
('Chinese', 2, 1003),
('American', 2, 1004),
('Continental', 2, 1004),
('Chinese', 2, 1004),
('American', 4, 1005),
('Italian', 4, 1005),
('American', 4, 1006),
('Italian', 4, 1006),
('American', 2, 1007),
('Continental', 2, 1007),
('Chinese', 2, 1007),
('American', 3, 1008),
('Chinese', 3, 1008),
('American', 3, 1009),
('Chinese', 3, 1009),
('American', 3, 1010),
('Chinese', 3, 1010),
('American', 2, 1011),
('Continental', 2, 1011),
('Chinese', 2, 1011),
('American', 1, 1012),
('Continental', 1, 1012),
('Italian', 1, 1012),
('French', 1, 1012),
('American', 1, 1013),
('Continental', 1, 1013),
('Italian', 1, 1013),
('French', 1, 1013);

INSERT INTO HotelDatabase.Contains VALUES
('Parking', 1, 1000),
('Laundry', 1, 1000),
('Parking', 3, 1001),
('Laundry', 3, 1001),
('Massage', 4, 1002),
('Room Service', 4, 1002),
('Airport Shuttle', 2, 1003),
('Room Service', 2, 1003),
('Airport Shuttle', 2, 1004),
('Room Service', 2, 1004),
('Massage', 4, 1005),
('Room Service', 4, 1005),
('Massage', 4, 1006),
('Room Service', 4, 1006),
('Airport Shuttle', 2, 1007),
('Room Service', 2, 1007),
('Parking', 3, 1008),
('Laundry', 3, 1008),
('Parking', 3, 1009),
('Laundry', 3, 1009),
('Parking', 3, 1010),
('Laundry', 3, 1010),
('Airport Shuttle', 2, 1011),
('Room Service', 2, 1011),
('Parking', 1, 1012),
('Laundry', 1, 1012),
('Parking', 1, 1013),
('Laundry', 1, 1013);

INSERT INTO HotelDatabase.BreakfastReview VALUES
(1, 'American', 1, 10, 'Very good', 2),
(2, 'Continental', 1, 9, 'Very good', 2),
(3, 'Italian', 1, 8, 'Very good', 2),
(4, 'French', 1, 8, 'Very good', 2),
(5, 'American', 3, 8, 'Very good', 2),
(6, 'Chinese', 3, 8, 'Very good', 2),
(7, 'American', 4, 9, 'Very good', 1),
(8, 'Italian', 4, 6, 'Very good', 1),
(9, 'American', 2, 10, 'Very good', 1),
(10, 'Continental', 2, 5, 'Very good', 1),
(11, 'Chinese', 2, 3, 'Very bad', 1),
(12, 'American', 2, 9, 'Very good', 1),
(13, 'Continental', 2, 9, 'Very good', 1),
(14, 'Chinese', 2, 9, 'Very good', 1),
(15, 'American', 4, 7, 'Very good', 8),
(16, 'Italian', 4, 3, 'Very bad', 8),
(17, 'American', 4, 8, 'Very good', 9),
(18, 'Italian', 4, 9, 'Very good', 9),
(19, 'American', 2, 10, 'Very good', 3),
(20, 'Continental', 2, 8, 'Very good', 3),
(21, 'Chinese', 2, 10, 'Very good', 3),
(22, 'American', 3, 8, 'Very good', 4),
(23, 'Chinese', 3, 4, 'Ugh', 4),
(24, 'American', 3, 1, 'Awful', 5),
(25, 'Chinese', 3, 6, 'Mediocre', 5),
(26, 'American', 3, 10, 'Very VERY good', 6),
(27, 'Chinese', 3, 8, 'Kind of good', 6),
(26, 'American', 2, 9, 'Amazing', 6),
(27, 'Continental', 2, 8, 'Pretty good', 6),
(28, 'Chinese', 2, 2, 'Do not serve this', 6),
(29, 'American', 1, 8, 'Wowza', 7),
(30, 'Continental', 1, 10, 'Yum', 7),
(31, 'Italian', 1, 3, 'crappyfood', 7),
(32, 'French', 1, 9, 'wowowowowow', 7),
(33, 'American', 1, 8, 'Fantastic', 7),
(34, 'Continental', 1, 10, 'Wow', 7),
(35, 'Italian', 1, 10, 'Excellent', 7),
(36, 'French', 1, 8, 'Very good', 7);

INSERT INTO HotelDatabase.ServiceReview VALUES
(1, 'Parking', 1, 10, 'xxxxxxx', 2),
(2, 'Laundry', 1, 8, 'xxxxxxx', 2),
(3, 'Parking', 3, 10, 'xxxxxxx', 2),
(4, 'Laundry', 3, 10, 'xxxxxxx', 2),
(5, 'Massage', 4, 6, 'xxxxxxx', 1),
(6, 'Room Service', 4, 8, 'xxxxxxx', 1),
(7, 'Airport Shuttle', 2, 10, 'xxxxxx', 1),
(8, 'Room Service', 2, 10, 'xxxxxx', 1),
(9, 'Airport Shuttle', 2, 8, 'xxxxxx', 1),
(10, 'Room Service', 2, 5, 'xxxxxx', 1),
(11, 'Massage', 4, 10, 'xxxxxx', 8),
(12, 'Room Service', 4, 10, 'xxxxxx', 8),
(13, 'Massage', 4, 8, 'xxxxxx', 9),
(14, 'Room Service', 4, 10, 'xxxxxx', 9),
(15, 'Airport Shuttle', 2, 10, 'xxxxxx', 3),
(16, 'Room Service', 2, 9, 'xxxxxx', 3),
(17, 'Parking', 3, 8, 'xxxxxx', 4),
(18, 'Laundry', 3, 3, 'xxxxxx', 4),
(19, 'Parking', 3, 5, 'xxxxxx', 5),
(20, 'Laundry', 3, 1, 'xxxxxx', 5),
(21, 'Parking', 3, 10, 'xxxxxx', 6),
(22, 'Laundry', 3, 5,'xxxxxx', 6),
(23, 'Airport Shuttle', 2, 6,'xxxxxx', 6),
(24, 'Room Service', 2, 10,'xxxxxx', 6),
(25, 'Parking', 1, 10, 'xxxxxx', 7),
(26, 'Laundry', 1, 7, 'xxxxxx', 7),
(27, 'Parking', 1, 10, 'xxxxxx', 7),
(28, 'Laundry', 1, 8, 'xxxxxx', 7);

INSERT INTO HotelDatabase.RoomReview VALUES
(1, 100, 1, 10, 'xxxxxxxx', 2),
(2, 100, 3, 9, 'xxxxx', 2),
(3, 101, 4, 8, 'xxxxxx', 1),
(4, 11, 2, 7, 'xxxx', 1),
(5, 12, 2, 6, 'xxxxxx', 1),
(6, 200, 4, 5, 'xxxxx', 8),
(7, 200, 4, 4, 'xxxxxx', 9),
(8, 18, 2, 3, 'xxxxxx', 3),
(9, 201, 3, 2, 'xxxxxxx', 4),
(10, 202, 3, 1, 'xxxxxxxx', 5),
(11, 206, 3, 9.5, 'xxxxx', 6),
(12, 18, 2, 8.5, 'xxxxxx', 6),
(13, 301, 1, 7.5, 'xxxxxxxxx', 7),
(14, 202, 1, 6.5, 'xxxxx', 7);




